{
  "directions": {
    "Llama-3.1 -> Llama-3": {
      "norm_stats": {
        "source_dt": {
          "l2_norms": [
            86.4583799959873,
            82.75679923593532,
            84.9542965918113,
            81.59798582055609,
            90.96311963741744
          ],
          "l2_mean": 85.34611625634149,
          "l2_std": 3.277023791640457,
          "l1_norms": [
            4418.035634994507,
            4177.12163066864,
            4325.275981903076,
            4144.842337608337,
            4594.1050399541855
          ],
          "l1_mean": 4331.876125025749,
          "l1_std": 164.41509543303337,
          "l2_ratio_to_vocab": 144.37951909341126,
          "l1_ratio_to_vocab": 143.63651886638726
        },
        "transferred_dt": {
          "l2_norms": [
            86.4583799959873,
            82.75679923593532,
            84.95429659181129,
            81.59798582055609,
            90.96311963741742
          ],
          "l2_mean": 85.34611625634147,
          "l2_std": 3.277023791640452,
          "l1_norms": [
            4415.308115202943,
            4175.735674644056,
            4325.565346232182,
            4141.428211921875,
            4594.96705128404
          ],
          "l1_mean": 4330.600879857018,
          "l1_std": 165.44465841674733,
          "l2_ratio_to_vocab": 144.37951909341123,
          "l1_ratio_to_vocab": 143.59423423694471
        },
        "native_target_dt": {
          "l2_norms": [
            82.74782510991781,
            87.10623558918097,
            81.48177680705331,
            82.87018607421601,
            80.91365382818832
          ],
          "l2_mean": 83.02393548171128,
          "l2_std": 2.1723992275906636,
          "l1_norms": [
            4182.381195068359,
            4355.031763076782,
            4116.376947402954,
            4216.924764633179,
            4093.2519702911377
          ],
          "l1_mean": 4192.793328094483,
          "l1_std": 92.47701733988484,
          "l2_ratio_to_vocab": 140.45109963865764,
          "l1_ratio_to_vocab": 139.02480601753726
        },
        "source_vocab": {
          "l2_mean": 0.6713267644327143,
          "l2_std": 0.08400024499764742,
          "l2_median": 0.6849164489997812,
          "l1_mean": 34.25968968872751,
          "l1_std": 4.3098013082131965,
          "l1_median": 34.961702389642596
        },
        "target_vocab": {
          "l2_mean": 0.5911234279782017,
          "l2_std": 0.07313448581961132,
          "l2_median": 0.6011883313985936,
          "l1_mean": 30.15859865731863,
          "l1_std": 3.7541441106043756,
          "l1_median": 30.681727770715952
        }
      },
      "cosine_stats": {
        "source_vs_native_raw": {
          "per_token": [
            0.11087182672252341,
            0.08181250963893347,
            0.09648783181939884,
            0.10310565901253177,
            0.09276911577688479
          ],
          "mean": 0.09700938859405446,
          "note": "Different embedding spaces, cosine not directly meaningful"
        },
        "source_aligned_vs_native": {
          "per_token": [
            0.11042785846895477,
            0.08200136974501096,
            0.09633397977440684,
            0.10295817939883888,
            0.09229021270198126
          ],
          "mean": 0.09680232001783855
        },
        "transferred_vs_native": {
          "per_token": [
            0.11042785846895477,
            0.08200136974501096,
            0.09633397977440684,
            0.10295817939883888,
            0.09229021270198126
          ],
          "mean": 0.09680232001783855
        },
        "source_aligned_vs_transferred": {
          "per_token": [
            0.999999999999977,
            0.9999999999999761,
            0.9999999999999768,
            0.9999999999999755,
            0.999999999999978
          ],
          "mean": 0.9999999999999767,
          "note": "Should be ~1.0 if T_t = T_s @ W"
        },
        "heatmap_transferred_vs_native": [
          [
            0.1104278584689548,
            0.1269827347914569,
            0.07377340700842812,
            0.09349791966422986,
            0.09792447696108193
          ],
          [
            0.11746967579462284,
            0.08200136974501095,
            0.10638114797243992,
            0.13043320215824156,
            0.1354332044007998
          ],
          [
            0.09952483105963622,
            0.12414549422617638,
            0.09633397977440683,
            0.11448003044960484,
            0.14671520510316066
          ],
          [
            0.10250002789685994,
            0.10141373109050508,
            0.09304378799934877,
            0.10295817939883892,
            0.11501295598293663
          ],
          [
            0.043308877549581064,
            0.15145730640114502,
            0.07600849535761287,
            0.08164265683203784,
            0.09229021270198125
          ]
        ]
      },
      "procrustes_quality": {
        "residual_frobenius": 71.47542114474122,
        "Y_frobenius": 213.31219899211848,
        "relative_residual_pct": 33.50742314900711
      }
    },
    "Llama-3 -> Llama-3.1": {
      "norm_stats": {
        "source_dt": {
          "l2_norms": [
            82.74782510991781,
            87.10623558918097,
            81.48177680705331,
            82.87018607421601,
            80.91365382818832
          ],
          "l2_mean": 83.02393548171128,
          "l2_std": 2.1723992275906636,
          "l1_norms": [
            4182.381195068359,
            4355.031763076782,
            4116.376947402954,
            4216.924764633179,
            4093.2519702911377
          ],
          "l1_mean": 4192.793328094483,
          "l1_std": 92.47701733988484,
          "l2_ratio_to_vocab": 123.67142184755333,
          "l1_ratio_to_vocab": 122.38270008248324
        },
        "transferred_dt": {
          "l2_norms": [
            82.74782510991781,
            87.10623558918098,
            81.48177680705331,
            82.87018607421601,
            80.91365382818832
          ],
          "l2_mean": 83.02393548171128,
          "l2_std": 2.1723992275906685,
          "l1_norms": [
            4181.144806127719,
            4354.140949790789,
            4120.703009103694,
            4217.6214959553,
            4091.641309192004
          ],
          "l1_mean": 4193.050314033901,
          "l1_std": 91.88427049475358,
          "l2_ratio_to_vocab": 123.67142184755333,
          "l1_ratio_to_vocab": 122.39020119944468
        },
        "native_target_dt": {
          "l2_norms": [
            86.4583799959873,
            82.75679923593532,
            84.9542965918113,
            81.59798582055609,
            90.96311963741744
          ],
          "l2_mean": 85.34611625634149,
          "l2_std": 3.277023791640457,
          "l1_norms": [
            4418.035634994507,
            4177.12163066864,
            4325.275981903076,
            4144.842337608337,
            4594.1050399541855
          ],
          "l1_mean": 4331.876125025749,
          "l1_std": 164.41509543303337,
          "l2_ratio_to_vocab": 127.13051345191161,
          "l1_ratio_to_vocab": 126.44236314992278
        },
        "source_vocab": {
          "l2_mean": 0.5911234279782017,
          "l2_std": 0.07313448581961132,
          "l2_median": 0.6011883313985936,
          "l1_mean": 30.15859865731863,
          "l1_std": 3.7541441106043756,
          "l1_median": 30.681727770715952
        },
        "target_vocab": {
          "l2_mean": 0.6713267644327143,
          "l2_std": 0.08400024499764742,
          "l2_median": 0.6849164489997812,
          "l1_mean": 34.25968968872751,
          "l1_std": 4.3098013082131965,
          "l1_median": 34.961702389642596
        }
      },